id,name,type,typecode,lng,lat
B0FFHD7JNM,天津市红桥区三条石街大胡同社区卫生服务站,医疗保健服务;综合医院;卫生院,090102,117.1814686118222,39.145213312550425
B0HDTHJVN5,望海楼社区卫生服务站(金庭道店),医疗保健服务;综合医院;卫生院,090102,117.19327885264428,39.14886404999325
B0FFGI10JG,鸿顺里社区卫生服务站,医疗保健服务;综合医院;卫生院,090102,117.18182460725805,39.15812922558172
B0H6G6TQHG,鼓楼街社区卫生服务中心,医疗保健服务;综合医院;卫生院,090102,117.17035538857417,39.143673931648294
B0FFFVHMPI,鼓楼街天康园社区卫生服务站,医疗保健服务;综合医院;卫生院,090102,117.1687834075799,39.1438518910484
B0016164K6,三条石街社区卫生服务中心,医疗保健服务;综合医院;卫生院,090102,117.16831024332835,39.15387500729433
B0FFHVW5HM,河北区鸿顺里街社区卫生服务中心,医疗保健服务;综合医院;卫生院,090102,117.1895927402959,39.15891108627884
B0FFFA20S0,御河湾社区卫生服务站,医疗保健服务;综合医院;卫生院,090102,117.16639450176646,39.15487482591952
B00160EEF2,裕德里社区卫生服务站,医疗保健服务;综合医院;卫生院,090102,117.18494923186704,39.1330797156309
B0016060XG,河北区望海楼街社区卫生服务中心,医疗保健服务;综合医院;卫生院,090102,117.20130062281869,39.15452666155084
B0016166IZ,西关街社区卫生服务站,医疗保健服务;综合医院;卫生院,090102,117.16341163219593,39.141055516715866
B0L0JNDWK7,新春花苑社区卫生服务站,医疗保健服务;综合医院;卫生院,090102,117.1617611460881,39.14407361835363
B00160EEY8,红桥区芥园街社区卫生服务中心,医疗保健服务;综合医院;卫生院,090102,117.15870603737294,39.147235035307716
B001615639,和平区南市街社区卫生服务中心,医疗保健服务;综合医院;卫生院,090102,117.17976351693771,39.1297875614412
B001603106,河东区春华街社区卫生服务中心,医疗保健服务;综合医院;卫生院,090102,117.20555336852769,39.143073243299675
B0JRBX0XQG,西沽街三江里社区卫生服务站,医疗保健服务;综合医院;卫生院,090102,117.16708075850813,39.16304924864807
B00160ECPQ,光复道街社区卫生服务中心,医疗保健服务;综合医院;卫生院,090102,117.20825074202823,39.14839043076443
B00160DFOA,兴南街社区卫生服务中心,医疗保健服务;综合医院;卫生院,090102,117.17024496848774,39.12958121892341
B00160EFA2,铃铛阁街社区卫生服务中心,医疗保健服务;综合医院;卫生院,090102,117.1553524784753,39.14234778280004
B001610Z5B,芥园街水西园社区卫生服务站,医疗保健服务;综合医院;卫生院,090102,117.15517346504217,39.14774321832084
B0JRZS7AF1,福方里社区卫生服务站,医疗保健服务;综合医院;卫生院,090102,117.18092493367082,39.12712724827407
B0H2OMBG7L,河北区鸿顺里街社区卫生服务中心(六马路社区卫生服务站),医疗保健服务;综合医院;卫生院,090102,117.19541967968685,39.16794703646069
B0FFM1A37Q,天津市南开区广开街社区卫生服务中心,医疗保健服务;综合医院;卫生院,090102,117.16002935867408,39.132630279757436
B00160EFO2,新津社区卫生服务站,医疗保健服务;综合医院;卫生院,090102,117.18973812408343,39.126107031292236
B0FFF8ZU7Y,昆裕里社区卫生服务站,医疗保健服务;综合医院;卫生院,090102,117.16920826834168,39.127609477724825
B00160CRO5,和平区劝业场街社区卫生服务中心,医疗保健服务;综合医院;卫生院,090102,117.18613839425188,39.12413217534022
B0FFLCD2IP,和平区劝业场街社区卫生服务中心,医疗保健服务;综合医院;卫生院,090102,117.19020396340822,39.1254302084893
B0FFKK4DYZ,河北区宁园街社区卫生服务中心,医疗保健服务;综合医院;卫生院,090102,117.20806971077101,39.16292654425336
B00160D1N3,静园社区卫生服务站,医疗保健服务;综合医院;卫生院,090102,117.18296693198445,39.12405772096633
B0LAM1BEHZ,怀远里社区卫生服务站,医疗保健服务;综合医院;卫生院,090102,117.17543726852246,39.124713777908305
B0FFHIK4M9,新开河街东华里社区卫生服务站,医疗保健服务;综合医院;卫生院,090102,117.17592708236552,39.172750934157676
B0LR9BPJN3,宁园街社区卫生服务中心-发热门诊,医疗保健服务;综合医院;卫生院,090102,117.20807571048046,39.16298051953739
B0KD05WET2,弘丽园社区卫生服务站,医疗保健服务;综合医院;卫生院,090102,117.14877409841678,39.14745987098654
B001602D40,劝业场街社区卫生服务中心新疆路社区卫生服务站,医疗保健服务;综合医院;卫生院,090102,117.18140640556172,39.12226505239988
B0FFGY2081,真诚里社区卫生服务站,医疗保健服务;综合医院;卫生院,090102,117.21599506017803,39.14783926051181
B0LRF57QN0,芥园街社区卫生服务中心,医疗保健服务;综合医院;卫生院,090102,117.14874904738531,39.14751979092578
B0FFFZJR4E,兆丰路社区卫生服务站,医疗保健服务;综合医院;卫生院,090102,117.18982072306984,39.12242639953154
B0K0YME672,河东区春华街社区卫生服务中心新天地社区卫生服务站,医疗保健服务;综合医院;卫生院,090102,117.21468009648898,39.139089203596704
B0FFJRTU4V,天津市急救中心(河北分中心),医疗保健服务;急救中心;急救中心,090400,117.20260739325373,39.16181613193671
B0KDS5SOFO,理疗医院急救站点,医疗保健服务;急救中心;急救中心,090400,117.17022892351069,39.12969811831103
B0FFG0WT4E,天津市职业病防治院天津市工人医院急救中心,医疗保健服务;专科医院;专科医院|医疗保健服务;急救中心;急救中心,090200|090400,117.21057700148444,39.14170718549003
B001606Q8P,天津市急救中心,医疗保健服务;急救中心;急救中心,090400,117.21173503638344,39.142445048268215
B001608CIV,天津市医疗急救指挥中心(红桥分站),医疗保健服务;急救中心;急救中心,090400,117.15032922210474,39.152098853267674
B0FFHCQDA9,天津市中西医结合医院南开医院急救,医疗保健服务;急救中心;急救中心,090400,117.16476414879959,39.12555440612639
B001603751,天津市红桥区口腔医院,医疗保健服务;专科医院;口腔医院,090202,117.18110496362081,39.14522565886051
B001607Z94,天津爱馨口腔门诊,医疗保健服务;专科医院;口腔医院|医疗保健服务;诊所;诊所,090202|090300,117.19230646632855,39.147888085470306
B001611YDC,君诚口腔(鼓楼院区),医疗保健服务;专科医院;口腔医院,090202,117.17553824891881,39.14212645189425
B0LUBCDZAB,麦芽口腔(东沿河大街分院),医疗保健服务;专科医院;口腔医院,090202,117.1907825921405,39.15154643211925
B0K6BCDKDF,天津微尔美口腔,医疗保健服务;专科医院;口腔医院,090202,117.17415433841506,39.15275853759109
B0GRPHK1S6,俊硕口腔,医疗保健服务;专科医院;口腔医院,090202,117.17104176360961,39.150876894415184
B0FFKNXCL5,雅尔口腔,医疗保健服务;专科医院;口腔医院,090202,117.19406940920717,39.14612193812644
B0GRCADL16,中康口腔,医疗保健服务;专科医院;口腔医院,090202,117.18749954550769,39.156873800499895
B0FFFWG5FZ,美奥口腔(天津总院),医疗保健服务;专科医院;口腔医院,090202,117.17793414939314,39.13812722768914
B00160EAZG,天津河北春晖口腔门诊部,医疗保健服务;专科医院;口腔医院,090202,117.19352657208222,39.15409631423876
B0G22CUBAR,雅泰口腔,医疗保健服务;专科医院;口腔医院,090202,117.19575821601302,39.15185012554255
B0FFILKIHV,怡然美口腔门诊,医疗保健服务;专科医院;口腔医院,090202,117.18981580440429,39.13754724717603
B0FFFA2BLE,红桥区口腔医院,医疗保健服务;专科医院;口腔医院,090202,117.16786129051357,39.15471066914352
B0HUUAQYUU,鑫昇口腔,医疗保健服务;专科医院;口腔医院,090202,117.19873234029323,39.14506664222723
B0GRUB4O56,天津河北仁恒口腔,医疗保健服务;专科医院;口腔医院,090202,117.19837889025564,39.15263559216293
B001603252,天津河北春雨齿科门诊部,医疗保健服务;专科医院;口腔医院,090202,117.19159988424691,39.15951800686366
B0FFMEMT7T,申兵口腔,医疗保健服务;专科医院;口腔医院,090202,117.19755255689476,39.153936591174606
B0KR4Z14G3,和平凯尔口腔,医疗保健服务;专科医院;口腔医院,090202,117.1809259359279,39.13502547627495
B0016165AA,尚典口腔,医疗保健服务;专科医院;口腔医院,090202,117.17119373482642,39.137585154360345
B0LUAHP397,中山齿科,医疗保健服务;专科医院;口腔医院,090202,117.1945996887122,39.15817256657992
B0JAGH9PTA,舒欣口腔(红桥店),医疗保健服务;专科医院;口腔医院,090202,117.16547917623627,39.15171100046983
B00160CPHT,康齿口腔门诊(狮子林大街),医疗保健服务;专科医院;口腔医院|医疗保健服务;诊所;诊所,090202|090300,117.19986448170494,39.1483603096897
B0LUF51K4R,长丰雅尔美种植·矫正口腔连锁,医疗保健服务;专科医院;口腔医院,090202,117.16586121785905,39.14131194883654
B0FFG14GGE,和平卓尔口腔,医疗保健服务;专科医院;口腔医院,090202,117.17966682720616,39.13386192617266
B0IU9DUJFE,宇辰口腔正畸种植美学中心,医疗保健服务;专科医院;口腔医院,090202,117.20058574268413,39.146072710337705
B0LD3LND79,理想口腔(河北店),医疗保健服务;专科医院;口腔医院,090202,117.17314744944717,39.16075891239551
B0KDS5TYFR,常乐口腔,医疗保健服务;专科医院;口腔医院,090202,117.19506804513209,39.13717387152873
B0J3MHI7ZC,艾洁口腔,医疗保健服务;专科医院;口腔医院,090202,117.17617790219931,39.16204672367939
B0IUXGBG61,皓雅康口腔,医疗保健服务;专科医院;口腔医院,090202,117.20135140025184,39.14889909597824
B0K6V7V02B,澳朗口腔,医疗保健服务;专科医院;口腔医院,090202,117.16282953015192,39.14897767545312
B0J1HG6XLD,凯尔口腔,医疗保健服务;专科医院;口腔医院,090202,117.17886647027328,39.133167904545424
B0FFFT0HAC,德倍尔口腔,医疗保健服务;专科医院;口腔医院,090202,117.19079979241737,39.134358783850644
B0I1VC0QIN,金蕾口腔,医疗保健服务;专科医院;口腔医院,090202,117.19956621634252,39.15515881719884
B0I34DH5FD,阳光树口腔,医疗保健服务;专科医院;口腔医院,090202,117.19003262929527,39.13379886482457
B0L09HCRQ9,爱康齿科(悦城分院),医疗保健服务;专科医院;口腔医院,090202,117.17252354256713,39.13507413753161
B0GR06UXX3,亮齿口腔(五马路店),医疗保健服务;专科医院;口腔医院,090202,117.19005102040275,39.16257266644721
B0FFKJ0AE6,知美口腔,医疗保健服务;专科医院;口腔医院,090202,117.1641760904419,39.14091203374014
B0FFMHCMIE,安洁口腔诊所,医疗保健服务;专科医院;口腔医院,090202,117.1959134415041,39.13604485142161
B0H10CX8A7,爱牙仕口腔,医疗保健服务;专科医院;口腔医院,090202,117.20003352298932,39.15776493629867
B001609UPD,泳良口腔(河北店),医疗保健服务;专科医院;口腔医院,090202,117.20142258270342,39.156111886945716
B0FFHSJ9LX,众邦口腔,医疗保健服务;专科医院;口腔医院,090202,117.18342477909091,39.1315959601873
B0FFJKZIB5,天津南开中诺口腔医院,医疗保健服务;专科医院;口腔医院,090202,117.1666033408219,39.13561976567784
B0FFIX5GZB,鑫成瑞口腔,医疗保健服务;专科医院;口腔医院,090202,117.16235766651273,39.14092362507209
B0JADUEA8Q,天津和平拜尔口腔医院,医疗保健服务;专科医院;口腔医院,090202,117.17515894932222,39.13106941971719
B0FFFE4KK6,河北星耀口腔门诊部,医疗保健服务;专科医院;口腔医院,090202,117.20552739700364,39.150528740797164
B0FFGXZFN7,月平口腔,医疗保健服务;专科医院;口腔医院,090202,117.18075771367904,39.1659906630116
B0H1DHMZ28,众大口腔,医疗保健服务;专科医院;口腔医院,090202,117.20527114643808,39.142193406952174
B0J014VT2E,奥雅齿誉口腔,医疗保健服务;专科医院;口腔医院,090202,117.16133086390408,39.139944296560486
B0K3JA3SSC,宝齿口腔(河北旗舰店),医疗保健服务;专科医院;口腔医院,090202,117.19959656015965,39.160680573829936
B0HU3C0449,天津和平众大口腔门诊部,医疗保健服务;专科医院;口腔医院,090202,117.18102793841982,39.12854057613608
B0GRC7E5QS,贝蓓口腔,医疗保健服务;专科医院;口腔医院,090202,117.17176171253936,39.130381557622506
B0FFF67O5K,皓齿佳口腔,医疗保健服务;专科医院;口腔医院,090202,117.17138810215533,39.129675290342355
B0FFHSYRVZ,天津河东佳尔口腔门诊部,医疗保健服务;专科医院;口腔医院,090202,117.20815704414511,39.14519223407103
B0016164GG,友好医院-口腔诊区,医疗保健服务;专科医院;口腔医院,090202,117.16444445121586,39.134179591618924
B0L0Z5F3XZ,天津市瑞津口腔医院,医疗保健服务;专科医院;口腔医院,090202,117.18512411022351,39.12850878090606
B0I24HIS8L,天津市口腔医院第二门诊部(南开),医疗保健服务;专科医院;口腔医院,090202,117.16887335328603,39.129851495524626
B0KKS7X1KT,铭齿口腔(摩登天空凤仪园店),医疗保健服务;专科医院;口腔医院,090202,117.17140112872156,39.129658324824376
B0K1CUGDQ6,柏忆口腔,医疗保健服务;专科医院;口腔医院,090202,117.15958201246842,39.136657018412826
B0FFFVXOVZ,红桥口腔医院,医疗保健服务;专科医院;口腔医院,090202,117.15547635515911,39.145095360387494
B0HA5ZMN3S,微尔特口腔,医疗保健服务;专科医院;口腔医院,090202,117.178339261672,39.12726452156669
B0FFLEWNFC,佳净口腔诊所,医疗保健服务;专科医院;口腔医院,090202,117.18412151506533,39.127450683603215
B0IG257VXN,瑞鑫口腔,医疗保健服务;专科医院;口腔医院,090202,117.17800926738055,39.16983544713545
B0FFIXLZE1,天津南开唯美口腔诊所,医疗保健服务;专科医院;口腔医院,090202,117.15660818950879,39.13913002465366
B0FFIL96VY,齐美口腔,医疗保健服务;专科医院;口腔医院,090202,117.16745174829033,39.12926119416461
B0FFG4NRAD,康美佳口腔,医疗保健服务;专科医院;口腔医院,090202,117.21006807983542,39.15288290147768
B0LUZHPKP8,优牙口腔美学嵌体牙冠·矫正·联合中心(和平店),医疗保健服务;专科医院;口腔医院,090202,117.18113944182343,39.12613123346489
B0LBDDXR88,天津和平美嘉口腔诊所,医疗保健服务;专科医院;口腔医院,090202,117.17822721587456,39.12601807374581
B0H66DB9UK,瑞禾口腔,医疗保健服务;专科医院;口腔医院,090202,117.19701705468164,39.167656637605745
B0LRXU0LA2,啃美口腔,医疗保健服务;专科医院;口腔医院,090202,117.15671337474312,39.139195179200954
B0FFG09WB6,和睦美齿科中心,医疗保健服务;专科医院;口腔医院,090202,117.19664147234735,39.12838858326001
B0FFIMPJYC,百怡口腔,医疗保健服务;专科医院;口腔医院,090202,117.17982119689856,39.125234421664615
B0LK9HAF64,津湾口腔,医疗保健服务;专科医院;口腔医院,090202,117.19939720873856,39.129625913595916
B0FFM9ZHX1,欣心禾口腔,医疗保健服务;专科医院;口腔医院,090202,117.19908785974158,39.12901583364849
B0FFJHSDY9,海纳口腔,医疗保健服务;专科医院;口腔医院,090202,117.1984319296311,39.129154789903374
B0G29UNZGX,理想口腔(南开店),医疗保健服务;专科医院;口腔医院,090202,117.17180832105622,39.126269133037695
B001605ZH0,丽齿口腔诊所,医疗保健服务;专科医院;口腔医院,090202,117.1817967766747,39.124803205138186
B0FFGEWO5G,英瑞齿科(津湾广场店),医疗保健服务;专科医院;口腔医院,090202,117.20397496767343,39.131211322550605
B0I3TRGEDT,康洁口腔,医疗保健服务;专科医院;口腔医院,090202,117.18278250230242,39.1248978874435
B0FFKSC2LQ,牙美口腔诊所,医疗保健服务;专科医院;口腔医院,090202,117.1544994760091,39.13801582849854
B0LA7ROEWP,星辰口腔,医疗保健服务;专科医院;口腔医院,090202,117.17560158689074,39.17192482469377
B0I0AS8MHO,众邦口腔(河北店),医疗保健服务;专科医院;口腔医院,090202,117.21331024529876,39.15230185274192
B00160DFNC,欣春雨口腔,医疗保健服务;专科医院;口腔医院|医疗保健服务;诊所;诊所,090202|090300,117.15913089702057,39.13095562129806
B0FFKKJ46P,雅馨口腔,医疗保健服务;专科医院;口腔医院,090202,117.1509265817124,39.14184506421379
B0016111Y2,福仁齿科,医疗保健服务;专科医院;口腔医院,090202,117.21046366799153,39.13552577794782
B0HRT19VF9,爱之和齿科,医疗保健服务;专科医院;口腔医院,090202,117.19694026253136,39.12555475034022
B00160EAB5,天津市口腔医院国际诊疗中心,医疗保健服务;专科医院;口腔医院,090202,117.20045894854152,39.1272518742015
B001617INT,天津市口腔医院门诊楼,医疗保健服务;专科医院;口腔医院,090202,117.19984419670789,39.1266343693446
B0FFF9JR8O,欧越齿科,医疗保健服务;专科医院;口腔医院,090202,117.21200581269702,39.13832282793894
B0FFGU5UYC,天津市口腔医院急诊科,医疗保健服务;专科医院;口腔医院,090202,117.19946369135852,39.126523887685266
B00160EAK6,天津市口腔医院住院楼,医疗保健服务;专科医院;口腔医院,090202,117.1994906930374,39.1268037571911
B0FFLBH5VM,优冠口腔,医疗保健服务;专科医院;口腔医院,090202,117.20927402337456,39.16269812664526
B0G3V5F9L2,皓然口腔,医疗保健服务;专科医院;口腔医院,090202,117.1581582532594,39.12967858983265
B0FFJL8QCZ,天津市口腔医院B楼,医疗保健服务;专科医院;口腔医院,090202,117.19946769394242,39.12654687954533
B00160ED8T,天津国泰医院,医疗保健服务;专科医院;口腔医院|医疗保健服务;综合医院;综合医院,090202|090100,117.21501209969477,39.15710674798938
B00160DF7M,美冠口腔门诊部,医疗保健服务;专科医院;口腔医院,090202,117.1562946331346,39.1311112838328
B0IR5UWSJ3,五福口腔,医疗保健服务;专科医院;口腔医院,090202,117.17257822348998,39.12261677598661
B0FFJSODVT,天津红桥依诺口腔诊所,医疗保健服务;专科医院;口腔医院,090202,117.14880966234098,39.143518297549235
B0FFMHK4NA,精诚口腔,医疗保健服务;专科医院;口腔医院,090202,117.21115690638854,39.16283622136124
B0I0NS6CK8,牙世佳口腔,医疗保健服务;专科医院;口腔医院,090202,117.17504028080475,39.17404154758237
B0LUZAQ1NE,标准眼科·视光诊所,医疗保健服务;专科医院;眼科医院,090203,117.18940230399335,39.12827316414521
B0IR6HRDEE,天津南开首爱门诊部,医疗保健服务;专科医院;眼科医院,090203,117.16786553694092,39.12919600779463
B0FFHG4EWM,德美视视光诊所(鞍山道),医疗保健服务;专科医院;眼科医院,090203,117.18612223481894,39.12517651452685
B0H2C5UBW1,德美视视光诊所,医疗保健服务;专科医院;眼科医院,090203,117.17813819776335,39.12488260067882
B0FFIYEVJE,天津市眼科医院视光中心(甘肃路分中心),医疗保健服务;专科医院;眼科医院,090203,117.17868830190126,39.1240491009905
B001609JWF,天津市眼科医院,医疗保健服务;专科医院;眼科医院|医疗保健服务;综合医院;三级甲等医院,090203|090101,117.17874448627497,39.12339659819283
B001616OXS,天津市眼科医院门诊部,医疗保健服务;专科医院;眼科医院,090203,117.17845894978156,39.12354499227209
B001617J5C,天津市眼科医院急诊部,医疗保健服务;专科医院;眼科医院,090203,117.17816740912609,39.12363241166008
B0FFGBYRPH,天津市眼科医院屈光手术中心,医疗保健服务;专科医院;眼科医院,090203,117.17911915959571,39.12343225227217
B0FFF3CLB7,天津市眼科医院验光配镜中心,医疗保健服务;专科医院;眼科医院,090203,117.17896587531793,39.123488941617516
B0J32D62E3,天津市眼科医院住院部,医疗保健服务;专科医院;眼科医院,090203,117.17830065632509,39.1235926769954
B0IKLCVUVI,天津市眼科医院发热门诊,医疗保健服务;专科医院;眼科医院,090203,117.17890875922959,39.123589777450505
B0KD9ZRRNC,天津市眼科医院视光中心(南开医院分中心),医疗保健服务;专科医院;眼科医院,090203,117.16429431263336,39.12516476253682
B0K1ZZX9DJ,天津西站医院中医肿瘤科,医疗保健服务;专科医院;肿瘤医院,090207,117.16034046751888,39.15207817564116
B0G3J77G33,博颐堂医院,医疗保健服务;综合医院;综合医院,090100,117.18378663734215,39.14560116047599
B0FFFA8JGY,博粹中医医院,医疗保健服务;综合医院;综合医院,090100,117.1844848488067,39.15349165414702
B00160D8GP,天津河北北洋医院,医疗保健服务;综合医院;综合医院,090100,117.1892867859791,39.146700871315716
B00160DDAT,河北老中西医医院,医疗保健服务;综合医院;综合医院,090100,117.18977558486479,39.154583966015885
B001615Q0X,天津市中医药研究院附属医院,医疗保健服务;综合医院;三级甲等医院,090101,117.17048833733578,39.14604675576616
B001616VI2,天津市中医药研究院附属医院住院部,医疗保健服务;综合医院;三级甲等医院,090101,117.17104135794126,39.14618670160449
B0FFITHQ1D,天津市中医药研究院附属医院体检中心,医疗保健服务;综合医院;三级甲等医院,090101,117.17112850837202,39.14628980195689
B0IKLUYAXC,天津市中医药研究院附属医院发热门诊,医疗保健服务;综合医院;三级甲等医院,090101,117.17126282417186,39.14578635366214
B0FFI342JZ,天津市中医药研究院附属医院急诊部,医疗保健服务;综合医院;三级甲等医院,090101,117.1705885585547,39.14578709816426
B0JKM7L96I,天津市中医药研究院附属医院卒中中心,医疗保健服务;综合医院;三级甲等医院,090101,117.17063665064858,39.14577319607949
B0FFH95AGY,天津市中医药研究院附属医院病案科,医疗保健服务;综合医院;三级甲等医院,090101,117.16977900702197,39.146020449034
B0FFH97KKF,天津市中医药研究院附属医院中医治未病中心,医疗保健服务;综合医院;三级甲等医院,090101,117.16980110057983,39.145610735932046
B0FFH97KFP,天津市中医药研究院附属医院健康管理中心,医疗保健服务;综合医院;三级甲等医院,090101,117.16957569207544,39.145487389299426
B0FFGC1MLT,中国人民解放军联勤保障部队第九八三医院体检中心-PETCT,医疗保健服务;综合医院;三级甲等医院,090101,117.18565712778826,39.15928922391812
B0FFHROKXA,中国人民解放军联勤保障部队第九八三医院驾驶员体检中心,医疗保健服务;综合医院;三级甲等医院,090101,117.18596467181307,39.159130845756515
B0FFH5FQ8Y,达仁堂医院,医疗保健服务;医药保健销售店;医疗保健用品|医疗保健服务;医药保健销售店;药房|医疗保健服务;综合医院;综合医院,090602|090601|090100,117.1930605298414,39.156662046722964
B0L19CHFOI,达仁堂养生坊,医疗保健服务;综合医院;综合医院,090100,117.19321578724895,39.156522376177435
B0IB763Y9O,中国人民解放军联勤保障部队第九八三医院体检,医疗保健服务;综合医院;三级甲等医院,090101,117.18415847718175,39.15986429075187
B0FFJXNZMF,中国人民解放军联勤保障部队第九八三医院,医疗保健服务;综合医院;三级甲等医院,090101,117.18516410066475,39.16073851356544
B0I0BOGE0O,中国人民解放军联勤保障部队第九八三医院发热门诊,医疗保健服务;综合医院;三级甲等医院,090101,117.18520225239953,39.160056984404655
B0FFK6O4F8,中国人民解放军联勤保障部队第九八三医院急诊部,医疗保健服务;综合医院;三级甲等医院,090101,117.1845480342944,39.16078641940474
B0FFK6O4EM,中国人民解放军联勤保障部队第九八三医院急救中心,医疗保健服务;综合医院;三级甲等医院,090101,117.18451400261934,39.16057248748851
B0FFK6O4F0,中国人民解放军联勤保障部队第九八三医院门诊部,医疗保健服务;综合医院;三级甲等医院,090101,117.18449896031474,39.160701384802024
B0FFK6O4EV,中国人民解放军联勤保障部队第九八三医院住院部,医疗保健服务;综合医院;三级甲等医院,090101,117.18486646566906,39.1617144197429
B001615ZMF,天津天润医院,医疗保健服务;综合医院;综合医院,090100,117.19869512223194,39.15429906337237
B0HB3G6C6U,中国人民解放军联勤保障部队第九八三医院辅助生殖中心,医疗保健服务;综合医院;三级甲等医院,090101,117.18500469069008,39.16181459921008
B0FFHDZKBQ,爱康国宾悦府广场分院,医疗保健服务;综合医院;综合医院,090100,117.17263573664587,39.13519627180675
B0FFGHUO6B,津城中医医院,医疗保健服务;综合医院;综合医院,090100,117.1659605116602,39.14047363885695
B0FFK6O4ER,中国人民解放军联勤保障部队第九八三医院药学楼,医疗保健服务;综合医院;三级甲等医院,090101,117.18572886269529,39.162349528920736
B0KUT5BMXD,家安中医院,医疗保健服务;综合医院;综合医院,090100,117.1994609180302,39.140543419725866
B00160F0D5,建国中医,医疗保健服务;综合医院;综合医院,090100,117.19595142619573,39.136608569590585
B001606MH7,天津市河北区昆纬路医院,医疗保健服务;综合医院;综合医院,090100,117.20141977633007,39.15454981450351
B00160EDR7,上善中医,医疗保健服务;综合医院;综合医院|医疗保健服务;诊所;诊所,090100|090300,117.19600248964568,39.16044337760379
B00160CKU5,天津都市医院,医疗保健服务;综合医院;综合医院,090100,117.17199685845871,39.1327025918055
B0HGKAH91A,天津西站医院-门诊楼,医疗保健服务;综合医院;综合医院,090100,117.16027835029489,39.15208705466521
B00160DEUB,铁三院医院(宿纬路),医疗保健服务;综合医院;综合医院,090100,117.19496164443399,39.16282336445442
B001607979,京津医院,医疗保健服务;综合医院;综合医院,090100,117.19638962615446,39.16384794552661
B0FFI5LP7D,晟佳医养院,医疗保健服务;综合医院;综合医院,090100,117.16099944845858,39.13832765134809
B0K6CU25WD,天津阿波罗医院,医疗保健服务;综合医院;综合医院,090100,117.161825205028,39.13668618115172
B001606BRY,友好医院(广开中街),医疗保健服务;综合医院;综合医院,090100,117.16419092648657,39.134548894135484
B00160EF9V,同康医院(复兴路),医疗保健服务;综合医院;综合医院,090100,117.15680283826303,39.144707031841456
B0FFKJ73D1,天津和平华侨医院,医疗保健服务;综合医院;综合医院,090100,117.18137054838213,39.1285371874581
B0FFGHUHD2,天津市南开区理疗医院,医疗保健服务;综合医院;综合医院,090100,117.17024395111616,39.12970314328524
B0FFL5OVEC,天津市和平区中医医院新院,医疗保健服务;综合医院;综合医院,090100,117.18631628583462,39.1273755140401
B0GK29MIP8,和平中医医院,医疗保健服务;综合医院;综合医院,090100,117.18611195408482,39.127259235125635
B0016051C7,南开大学附属第四中心医院,医疗保健服务;综合医院;三级甲等医院,090101,117.20272440743616,39.16288165932139
B0FFJKX54L,天津市第四中心医院急救分站,医疗保健服务;综合医院;三级甲等医院,090101,117.20270852198095,39.16181527063883
B0FFHAD4SB,天津市第四中心医院太平间,医疗保健服务;综合医院;三级甲等医院,090101,117.20274556180402,39.16187228733076
B0FFFWYW6Y,天津市第四中心医院内科住院B区,医疗保健服务;综合医院;三级甲等医院,090101,117.20229393991313,39.162232454753905
B0FFHAD6DH,南开大学附属第四中心医院住院部B区,医疗保健服务;综合医院;三级甲等医院,090101,117.2024020806528,39.162215613387275
B0FFHAD65T,天津市第四中心医院行政楼,医疗保健服务;综合医院;三级甲等医院,090101,117.20202453038821,39.16272778915817
B0FFFDDJM5,天津市第四中心医院急诊,医疗保健服务;综合医院;三级甲等医院,090101,117.20301072591766,39.16322784361902
B001616VLA,天津市第四中心医院门诊部,医疗保健服务;综合医院;三级甲等医院,090101,117.20289947743319,39.16408318518127
B001618YMO,天津市第四中心医院住院部,医疗保健服务;综合医院;三级甲等医院,090101,117.20309387036131,39.162913143096475
B0FFF9KHYP,天津市第四中心医院核医学科,医疗保健服务;综合医院;三级甲等医院,090101,117.20235591167962,39.163085033991095
B0FFG9989F,天津市第四中心医院急救中心及外科综合大楼,医疗保健服务;综合医院;三级甲等医院,090101,117.20245303294568,39.163109153029964
B001617IY0,天津市第四中心医院儿科中心,医疗保健服务;综合医院;三级甲等医院,090101,117.20242802331579,39.16293222369078
B00160EFA3,铃铛阁街社区卫生服务中心保安室,医疗保健服务;综合医院;综合医院,090100,117.15511005404302,39.14220642376071
B0016128F7,天津和平朗泰纳医院,医疗保健服务;综合医院;综合医院,090100,117.1746005109302,39.126370236285084
B0FFHAD5MJ,天津市第四中心医院胸痛中心,医疗保健服务;综合医院;三级甲等医院,090101,117.20284851196597,39.16329958054362
B001616VKT,天津市工人医院,医疗保健服务;综合医院;三级甲等医院,090101,117.2109023038501,39.14186246317008
B0FFFOGAW7,天津市第四中心医院学术报告厅,医疗保健服务;综合医院;三级甲等医院,090101,117.20227769177741,39.164031365144496
B0FFFE0GZE,天津市第四中心医院医务科,医疗保健服务;综合医院;三级甲等医院,090101,117.20323997446329,39.163540968358916
B0FFHADAYR,天津市第四中心医院内分泌诊区,医疗保健服务;综合医院;三级甲等医院,090101,117.20268922386038,39.163980959229534
B0FFGU5V0V,天津市职业病防治院门诊部,医疗保健服务;综合医院;综合医院,090100,117.21073820953194,39.14132659858643
B0FFHAD5GZ,天津市第四中心医院糖尿病教育门诊,医疗保健服务;综合医院;三级甲等医院,090101,117.20249696204326,39.16411461694036
B0016084FU,天津中医药大学附属南开中医院(本部),医疗保健服务;综合医院;综合医院,090100,117.15944726365977,39.13270515201286
B001617IUO,天津市第四中心医院放射科,医疗保健服务;综合医院;三级甲等医院,090101,117.20300360494959,39.16411430822343
B0FFHKE5NT,南开大学附属第四中心医院肠道门诊,医疗保健服务;综合医院;三级甲等医院,090101,117.20329396314345,39.1641656708348
B00160EAVH,仁心医院,医疗保健服务;综合医院;综合医院,090100,117.17006600074392,39.12667364507403
B001611YEA,河东正鼎和中医医院,医疗保健服务;诊所;诊所|医疗保健服务;综合医院;综合医院,090300|090100,117.2080681413023,39.13572981824892
B0FFFFLD39,天津市职业病防治院住院部,医疗保健服务;综合医院;综合医院,090100,117.2109253934843,39.14133180843254
B001605X0R,天津津华医院,医疗保健服务;综合医院;综合医院|医疗保健服务;专科医院;专科医院,090100|090200,117.17941958226173,39.124377219928014
B0FFGU5TUM,天津中医药大学附属南开中医院门诊,医疗保健服务;综合医院;综合医院,090100,117.15951438386824,39.13274325374927
B0FFF2OWSW,天津中医药大学附属南开中医院急诊,医疗保健服务;综合医院;综合医院,090100,117.15977687950303,39.13269377168833
B00160EC3W,天津市口腔医院,医疗保健服务;综合医院;三级甲等医院,090101,117.19988021120129,39.12690725578615
B0I6JU2HAU,天津市中心妇产科医院南开院区门诊部,医疗保健服务;专科医院;妇科医院|医疗保健服务;综合医院;三级甲等医院,090209|090101,117.16692719009347,39.12586127070142
B00160630F,天津市中西医结合医院南开医院老院区,医疗保健服务;综合医院;三级甲等医院,090101,117.16398146623924,39.12718895062164
B0FFHIGWN2,天津阳光医院,医疗保健服务;综合医院;综合医院|医疗保健服务;专科医院;专科医院,090100|090200,117.20811954115896,39.164698554091395
B0G2ZNEKR8,天津二七二医院,医疗保健服务;综合医院;三级甲等医院,090101,117.17494561560798,39.122694099912145
B0FFJCSS1C,天津市中西医结合医院南开医院体检中心,医疗保健服务;综合医院;三级甲等医院,090101,117.16339938612478,39.12706293757557
B00161669V,天津市中西医结合医院南开医院,医疗保健服务;综合医院;三级甲等医院,090101,117.16392152714384,39.125819667809154
B0FFFFZA7T,荐福医院,医疗保健服务;综合医院;综合医院,090100,117.16115990837282,39.168530926335606
B0FFHSHYHR,惠慈医院,医疗保健服务;综合医院;综合医院,090100,117.21315900972375,39.137240730610415
B0FFLJCML6,天津市中西医结合医院南开医院住院部,医疗保健服务;综合医院;三级甲等医院,090101,117.16412691326352,39.125826048410325
B0FFFAF5NE,天津二七二医院急诊急救中心,医疗保健服务;综合医院;三级甲等医院,090101,117.17458791316864,39.12301025003881
B0JGHKMU2G,中国人民解放军第二七二医院门诊部,医疗保健服务;综合医院;三级甲等医院,090101,117.17414809942825,39.12299344989974
B0LGHUMS71,南开医院中西医结合临床中心(建设中),医疗保健服务;综合医院;综合医院,090100,117.16409169760975,39.12700227001026
B0IKLUXHIT,天津市口腔医院发热门诊,医疗保健服务;综合医院;三级甲等医院,090101,117.20000841263591,39.1266885721836
B0G2C58JZX,天津市中西医结合医院南开医院综合楼,医疗保健服务;综合医院;综合医院,090100,117.16343446852058,39.126934081248194
B0FFHCL5GF,天津市中西医结合医院南开医院健康管理中心,医疗保健服务;综合医院;三级甲等医院,090101,117.1634785480619,39.126961147336274
B0JKDM5F5J,天津二七二医院住院部,医疗保健服务;综合医院;三级甲等医院,090101,117.17486744209619,39.12292181800861
B0FFFRDJPJ,天津二七二医院发热门诊,医疗保健服务;综合医院;三级甲等医院,090101,117.17462598535806,39.122997327961784
B0J1Z1N2LV,天津二七二医院体检中心,医疗保健服务;综合医院;三级甲等医院,090101,117.17506580842534,39.1229271793979
B001616VQ0,天津二七二医院综合楼,医疗保健服务;综合医院;三级甲等医院,090101,117.17604662853668,39.122844028451034
B0FFGRMAL9,天津二七二医院皮肤科,医疗保健服务;综合医院;三级甲等医院,090101,117.17429538201723,39.12292076550462
B0FFF2R2VL,天津市中西医结合医院南开医院门诊部,医疗保健服务;综合医院;三级甲等医院,090101,117.16429431453965,39.12514977162616
B001616VL9,盛达园社区卫生服务站,医疗保健服务;综合医院;卫生院,090102,117.15062244898536,39.13867142938327
B0FFH97QNO,天津市中西医结合医院·南开医院氧疗科,医疗保健服务;综合医院;三级甲等医院,090101,117.16364993299098,39.126470765047706
B0FFHSLRAW,天津二七二医院战备楼,医疗保健服务;综合医院;三级甲等医院,090101,117.17518207359579,39.12253063359975
B0IGRCZLHX,天津市中西医结合医院南开医院预防保健科,医疗保健服务;综合医院;三级甲等医院,090101,117.16401770589077,39.12583883622822
B0H37ZC4J7,天津市中西医结合医院南开医院南区,医疗保健服务;综合医院;三级甲等医院,090101,117.1642842469874,39.125532520818474
